Employee_ID,Name,Department,Joining_Date,Salary,Performance_Score,Projects_Completed,City
101,John Doe,IT,2015-06-23,70000,85,10,New York
102,Jane Smith,HR,2016-09-10,65000,90,15,Boston
103,Emily Davis,Finance,2017-12-12,72000,,8,Chicago
104,Michael Brown,Marketing,2015-04-15,67000,60,12,San Francisco
105,Sarah Wilson,IT,2019-08-25,,88,11,New York
106,David Johnson,HR,2018-03-19,64000,78,9,Boston
107,Robert Lee,Finance,2020-11-07,71000,92,14,Chicago
108,Laura Taylor,Marketing,2019-07-30,,65,7,San Francisco
109,James Anderson,IT,2017-10-05,74000,82,13,New York
110,Patricia Harris,HR,2021-05-15,63000,,5,Boston
